step,epoch,accuracy,rouge1,rougeL,bleu,masked_accuracy,meteor,chrf,fuzzy,len_ratio,bertscore_f1,semantic_similarity,rag_rouge1,rag_rougeL,rag_bleu,rag_meteor,rag_chrf,rag_fuzzy,rag_len_ratio,rag_bertscore_f1,rag_semantic_similarity,train_loss,grad_norm,learning_rate,eval_loss,eval_runtime,eval_samples_per_second,eval_steps_per_second
0,0.0,0.0,0.0014742193173565721,0.0014742193173565721,0.0001622169424484474,0.03153062140804598,0.001489582734337912,0.005957364026889224,0.033254131692841866,0.21097147683305664,0.7516406178474426,0.07161712752379201,0.02263484518386479,0.02263484518386479,0.039073278980923776,0.09053113191010528,0.196582106099321,0.33951474157013806,1.2642417991219417,0.8388840556144714,0.3916115434373646,0.0,0.0,0.0,36.705604553222656,3.3279,137.923,17.428
516,1.0,0.0,0.0010167029774872912,0.0010167029774872912,0.0010114289613493326,0.05843660201149425,0.005717881235771943,0.025786876199085828,0.09634217926311388,0.36013855067419864,0.7723131775856018,0.11595548837139294,0.014576200850710654,0.01348687623197427,0.042201461839236246,0.09619962798789837,0.2030496681147914,0.3423914981040171,1.2606839330526198,0.8392786979675293,0.38881022667244464,27.6736,778.29150390625,3.9996293353243594e-05,13.939826011657715,3.3228,138.138,17.455
1032,2.0,0.0,0.0007262164124909222,0.0007262164124909222,0.0011696652511517995,0.4210106860632184,0.008936494144139962,0.01463803704322957,0.1291999755285359,0.8944606345227657,0.7486541867256165,0.11200071844456957,0.01234567901234568,0.01234567901234568,0.039556590823618495,0.08739763134412491,0.19249216571449274,0.33798034601398647,1.2391839375866722,0.8386808633804321,0.3897602641569503,10.1066,93.14090728759766,3.997420816812694e-05,4.3158416748046875,3.3342,137.665,17.396
1548,3.0,0.0,0.0,0.0,0.0014202481609927116,0.4483319863505747,0.012851209782569121,0.012857674959097018,0.14543929512490728,1.1269085057689376,0.7387364506721497,0.10794062705036894,0.0075599738806197865,0.0075599738806197865,0.03264090216473051,0.08091981106393714,0.18258934438169955,0.32314317891369765,1.1703244589699096,0.8350439667701721,0.37368214608034145,5.1254,44.948753356933594,3.9932257163551714e-05,3.575510263442993,3.3438,137.269,17.346
2064,4.0,0.0,0.0,0.0,0.0037449434380082192,0.4690418462643678,0.026365681502490808,0.09594362112850792,0.22432258704456845,0.5979050841185193,0.7928916811943054,0.29417618264145906,0.004865649963689179,0.004865649963689179,0.04230366563945024,0.09350525234319514,0.19508940069207803,0.3380911432820532,1.1250794863544564,0.8380330801010132,0.38918283924638963,4.2746,29.266220092773438,3.987048206287815e-05,3.2884504795074463,3.3338,137.681,17.398
2580,5.0,0.0,0.0,0.0,0.004210903699768762,0.48850574712643674,0.027677412048497708,0.10485858252462638,0.24326281980065775,1.7032576140397468,0.759951114654541,0.2525054598762806,0.008109416606148633,0.008109416606148633,0.03983299672833254,0.09591637267371943,0.19842297331086964,0.33897191476171395,1.3764526922109568,0.8382886052131653,0.3799035320208613,3.9793,13.227925300598145,3.978894430598847e-05,2.9871363639831543,3.3323,137.744,17.406
3096,6.0,0.0,0.0,0.0,0.00481813298795113,0.523583423132184,0.03145694561042699,0.128717216811901,0.2780806472387571,1.7509846429197198,0.7901174426078796,0.31446052428988297,0.008807967631497044,0.008807967631497044,0.05393434446830631,0.11024784199305059,0.2105591882777613,0.3492555009131257,1.2881170479649153,0.8407769799232483,0.39650799062971454,3.7239,28.291837692260742,3.9687724988180344e-05,2.64498233795166,3.3389,137.47,17.371
3612,7.0,0.0,0.0,0.0,0.004259783238241363,0.5899559985632183,0.03325925564112462,0.10863674369406102,0.24583896174616685,0.3965578360379377,0.8256998658180237,0.35453950592716404,0.010060233243624246,0.010060233243624246,0.0386037897524838,0.09003065417747283,0.19607622178772624,0.3381588040692004,1.36168238771494,0.8378169536590576,0.3808788502901338,3.3784,11.013143539428711,3.956692477951172e-05,2.1980888843536377,3.3305,137.819,17.415
4128,8.0,0.0,0.00029048656499636893,0.00029048656499636893,0.003289960279775596,0.6349115481321839,0.03244478523174471,0.08148695197769237,0.20628730815533533,0.27782492546990506,0.8335153460502625,0.32865697138847416,0.016122004357298474,0.01568627450980392,0.048552736747088134,0.10067580052021519,0.2091623293974117,0.3498570658531726,1.24393720091784,0.8404898643493652,0.3936852854402626,2.8737,5.538259029388428,3.9426663824676955e-05,1.8417081832885742,3.3297,137.848,17.419
4644,9.0,0.0,0.002541757443718228,0.002541757443718228,0.00451178196572479,0.6930563038793104,0.037998254018007126,0.09341560688814293,0.22699645043234845,0.30950445960335043,0.8342071175575256,0.3411525839736811,0.005965349102604004,0.005965349102604004,0.049894331828085246,0.09739336167487057,0.20160382056730994,0.3431098236336826,1.3219571658205242,0.8394526839256287,0.39002228068889877,2.4495,1.9946752786636353,3.9267081623514177e-05,1.614284634590149,3.3265,137.983,17.436
5160,10.0,0.0,0.012055192447349311,0.012055192447349311,0.012335383477767494,0.7165723778735632,0.05204384651955959,0.12302152850389572,0.26395977921817476,0.3926766623321101,0.8363300561904907,0.35736237552589156,0.009629441001990022,0.009629441001990022,0.03413180551256467,0.08633077687415358,0.1956645915993535,0.33514802332679555,1.3539290177588523,0.8373757004737854,0.3804272641823475,2.1599,2.004218578338623,3.908833689226237e-05,1.494847059249878,3.3441,137.257,17.344
5676,11.0,0.0,0.024444444444444446,0.024444444444444446,0.027937426548882257,0.7342964260057472,0.07391500295589554,0.15612943439754284,0.29968071039283584,0.6088580270859896,0.8406693339347839,0.3585954973498493,0.014161220043572984,0.014161220043572984,0.04467060221883636,0.09563640040383795,0.2028047819366778,0.3407801625335141,1.3361608212078515,0.8394694328308105,0.3943847500067813,1.9766,1.5810319185256958,3.88906074057064e-05,1.4274592399597168,3.3288,137.889,17.424
6192,12.0,0.00043572984749455336,0.041118373275236014,0.041118373275236014,0.051923466121677184,0.7434671336206896,0.09898767991665994,0.1997349594312809,0.3415336403036487,0.91856010346651,0.8462257385253906,0.364355627163709,0.011982570806100218,0.011982570806100218,0.039691925390957006,0.09154137783606629,0.19584268088406664,0.3358816412742739,1.2790790285398153,0.8381009697914124,0.38877060846679223,1.8494,3.4661951065063477,3.8674089820366954e-05,1.415701985359192,3.3387,137.48,17.372
6708,13.0,0.0008714596949891067,0.028179271708683475,0.028179271708683475,0.04752285978145161,0.7519867995689655,0.09489815356201889,0.19834409045777135,0.34113487159668704,1.050881474940638,0.8467972278594971,0.35778129463954494,0.010893246187363835,0.010893246187363835,0.039469988588927946,0.08767511567938353,0.1931616975236801,0.33359374717195484,1.3224612706465342,0.8370252251625061,0.3858183870875238,1.7516,2.1370561122894287,3.8438999478911113e-05,1.340813398361206,3.3264,137.988,17.436
7224,14.0,0.0,0.026837846249610955,0.026837846249610955,0.050248004902394505,0.7597207255747127,0.10495120697623957,0.22070766234184316,0.3710526567261632,1.4138978457354803,0.8496502637863159,0.35406098134353076,0.010076252723311547,0.010076252723311547,0.0358217317357601,0.08613431507427483,0.1883242049091808,0.32905911982399294,1.2419278691997557,0.8357620239257812,0.3767745588482043,1.6718,1.8450140953063965,3.818557019597828e-05,1.3136807680130005,3.3292,137.87,17.421
7740,15.0,0.004357298474945534,0.026845108413735864,0.026845108413735864,0.05357166130612525,0.7640086206896551,0.10989480847898092,0.22963318421951054,0.38020063435724394,1.5467476992901483,0.8515275120735168,0.3597575900122556,0.008351488743645608,0.008351488743645608,0.030374319601670984,0.07991415901458071,0.18692235407512353,0.3337075112652206,1.2276945003070416,0.838260293006897,0.38274162435551096,1.6236,1.9032727479934692,3.7914054025634244e-05,1.2929500341415405,3.3343,137.659,17.395
8256,16.0,0.011764705882352941,0.014354186118892002,0.014354186118892002,0.0674163731152527,0.7671403556034483,0.12444296606352032,0.23663272502783986,0.39105561026405355,1.3650028851995135,0.8556035161018372,0.3931121161082772,0.00904977375565611,0.00904977375565611,0.04176045881226268,0.09273931663565874,0.1963778018945926,0.3354824808546088,1.2254342169204013,0.8375542163848877,0.37778148845584825,1.5757,1.3727754354476929,3.7624721010684965e-05,1.2676068544387817,3.3352,137.624,17.39
8772,17.0,0.013507625272331155,0.024650897395995436,0.024650897395995436,0.07116359012136365,0.7721915409482759,0.12953393021811824,0.2443085121300398,0.39688190783744065,1.445343087591161,0.8566773533821106,0.3926287911373773,0.009622367465504721,0.009622367465504721,0.03679836302555782,0.08892127061447382,0.19454602048353062,0.3357596138492047,1.2079631447497854,0.8372717499732971,0.3816503337168486,1.527,2.420437812805176,3.731785891409907e-05,1.2437951564788818,3.3314,137.779,17.41
9288,18.0,0.01699346405228758,0.01998340076771449,0.01998340076771449,0.07753322147083842,0.7756824712643678,0.13542594080981893,0.25317912473017207,0.40690278598718915,1.4404817940392445,0.8589850068092346,0.40921534872644283,0.012345679012345678,0.012345679012345678,0.044211090009204396,0.09973236555531842,0.20660864787060554,0.3418035805356052,1.2899979340874361,0.8404873013496399,0.38934364900690926,1.492,1.6714917421340942,3.6993772932806405e-05,1.2016706466674805,3.324,138.085,17.449
9804,19.0,0.018300653594771243,0.019829857869073552,0.019829857869073552,0.07266982202551125,0.7790611530172413,0.13048209062540936,0.2509640768222277,0.40583215662602956,1.4665782464678,0.8574028611183167,0.39762664579569257,0.009777476713270639,0.009777476713270639,0.03534164946045962,0.09027895001442779,0.1998628919517786,0.3474199449599259,1.3579767852930464,0.8404688239097595,0.3878766561661541,1.4611,1.0895450115203857,3.66527853941573e-05,1.2258888483047485,3.3319,137.758,17.407
10320,20.0,0.01917211328976035,0.03358439672165162,0.03358439672165162,0.08479080465324812,0.7813397988505748,0.14333784383323622,0.26556144318836233,0.4197421518063872,1.4517133545736511,0.8611634969711304,0.41969273126195134,0.011002178649237472,0.01045751633986928,0.04059797933843596,0.09822031109079102,0.20501781651178977,0.34267098079542396,1.2442002115721287,0.8397184014320374,0.38638672752058323,1.4434,1.901898980140686,3.6295235435344245e-05,1.1788313388824463,3.3361,137.587,17.386
10836,21.0,0.02309368191721133,0.024027388733271086,0.024027388733271086,0.08400834220948467,0.7836745689655172,0.14191413023025165,0.26402338645010837,0.4167110474552207,1.5091081620099474,0.8597397208213806,0.41510053618825277,0.012200435729847494,0.012200435729847494,0.044847774666447286,0.09940686895256176,0.20418305076360285,0.3416259847592247,1.3019442216167962,0.838988721370697,0.3877969666025023,1.4082,0.8302285671234131,3.5921478666105034e-05,1.1708014011383057,3.3438,137.27,17.346
11352,22.0,0.02309368191721133,0.017198879551820728,0.017198879551820728,0.08349920892908186,0.785223599137931,0.1422762884834695,0.26587963634273065,0.4157151538365601,1.568142658672612,0.8584781289100647,0.4086135996241845,0.0039941902687000725,0.0039941902687000725,0.03503827380719581,0.08869958034513034,0.19427883183079575,0.33759175503163996,1.270894702435623,0.8380796909332275,0.37648887698759764,1.3901,1.6247586011886597,3.55318868150427e-05,1.1599020957946777,3.3189,138.3,17.476
11868,23.0,0.029193899782135078,0.012042743023135181,0.012042743023135181,0.09973827942405221,0.787457345545977,0.16403641110422057,0.28397789973391,0.42860408437894604,1.6433499973929828,0.8605880737304688,0.42131870315047,0.018933499325656186,0.018933499325656186,0.04564748643693466,0.09979098674266075,0.20414624360023756,0.3448177298540583,1.1930127013056027,0.8400242328643799,0.3939317395192346,1.3719,7.631814479827881,3.5126847359914077e-05,1.1525986194610596,3.3335,137.695,17.399
12384,24.0,0.032679738562091505,0.014352111214856312,0.014352111214856312,0.11048542602471764,0.788568606321839,0.1760997339114224,0.2939484553120986,0.4333596984319395,1.6925016026689559,0.8612375259399414,0.42568276995318194,0.008387799564270151,0.008387799564270151,0.034492027016519114,0.08307718064709729,0.19019356779655192,0.3319345085473081,1.177684896944516,0.8377235531806946,0.3766084220767638,1.3509,1.6225312948226929,3.47067631422547e-05,1.1490715742111206,3.3335,137.695,17.399
12900,25.0,0.03224400871459695,0.013165266106442577,0.013165266106442577,0.11185535447896079,0.7900278376436782,0.17727195999963183,0.2937978817617076,0.43373144906939315,1.6746289281336448,0.8612858653068542,0.42684353356024407,0.00730366220562299,0.00730366220562299,0.04594426256650265,0.10185906823177053,0.2039101103347179,0.33960329168614195,1.2674398432439082,0.8380802869796753,0.377404016128098,1.333,0.9675744771957397,3.4272051966723215e-05,1.1378544569015503,3.3265,137.985,17.436
13416,26.0,0.03442265795206972,0.016640730366220564,0.016640730366220564,0.125984387090883,0.7920932112068966,0.1929127685391024,0.3079140920868762,0.44276001642806423,1.7042122561009934,0.8633407950401306,0.437082651519665,0.006535947712418301,0.006535947712418301,0.041687052952203166,0.09165168604452567,0.19847051079228883,0.3414763329354835,1.2573085396970431,0.838841438293457,0.3830350298284348,1.315,2.318434715270996,3.38231461855639e-05,1.1208080053329468,3.3187,138.307,17.477
13932,27.0,0.03572984749455338,0.0257461009094996,0.0257461009094996,0.12847188763446157,0.7923289331896551,0.1986551061920102,0.3150831095111537,0.44717254274949875,1.7408367815682138,0.8635784983634949,0.43988424509414725,0.011377390462357783,0.011377390462357783,0.03774413113348965,0.09039194555582833,0.19191170331748636,0.33467828628210183,1.2847854191189616,0.8379549980163574,0.3790562044958988,1.3049,1.0877883434295654,3.336049226860065e-05,1.1262577772140503,3.3271,137.959,17.433
14448,28.0,0.03572984749455338,0.02952380952380952,0.02952380952380952,0.13240734275768573,0.7941473599137931,0.20100804347563184,0.3172860165903276,0.44879827190357446,1.7054557259171934,0.8644119501113892,0.44218059467285675,0.014121608239255297,0.014121608239255297,0.03209016723389135,0.08511019264975049,0.1886339712839093,0.3303728656747255,1.3003277707301972,0.8372585773468018,0.3823244366591922,1.2925,1.3369110822677612,3.2884550359189746e-05,1.1082282066345215,3.3292,137.873,17.422
14964,29.0,0.036601307189542485,0.033042846768336964,0.033042846768336964,0.12457889485768443,0.7942371587643678,0.19372346165076945,0.31262614939199096,0.44362481300035356,1.7285229056458369,0.8628455996513367,0.4351329045333699,0.008169934640522876,0.008169934640522876,0.04236951535924566,0.09688954150854688,0.20044624601646155,0.3424392477320172,1.2841838356878428,0.8394526839256287,0.39796096845357504,1.2831,1.202972173690796,3.2395793816573554e-05,1.1097873449325562,3.3197,138.265,17.471
15480,30.0,0.03616557734204793,0.03374727668845316,0.03374727668845316,0.14249564062617692,0.7958647629310345,0.2110312987342392,0.3264687773101016,0.4556049179512208,1.7069626958599022,0.8665474057197571,0.45480371805187925,0.01515371580731058,0.01515371580731058,0.041915264882506145,0.09457040593950303,0.1972641016874364,0.3393750336212194,1.1664118652690147,0.837781548500061,0.39605428386187436,1.2664,1.314162015914917,3.1894708745089896e-05,1.1076080799102783,3.3257,138.015,17.44
15996,31.0,0.03572984749455338,0.032661756060448875,0.032661756060448875,0.1429863837040632,0.7976382902298851,0.21326628470782885,0.32735799661650916,0.45495973551444974,1.6949415069099716,0.8661020994186401,0.4553227176792384,0.014702581369248034,0.014702581369248034,0.05112831611504469,0.10687662799100307,0.21328109479647134,0.3522712352225815,1.2765138303138623,0.8419544100761414,0.40245268850593396,1.2532,4.046233177185059,3.1381793510705484e-05,1.0849101543426514,3.3318,137.762,17.408
16512,32.0,0.03790849673202614,0.03866030362762389,0.03866030362762389,0.13662811353196755,0.7976158405172413,0.21028426381918014,0.3266130325100158,0.4530571414841516,1.7042073287138169,0.8653474450111389,0.4544297126683859,0.00944081336238199,0.00944081336238199,0.03823079453640118,0.09469713006574265,0.19822409030660937,0.3389831225655341,1.2821271272041974,0.8384459018707275,0.3863055976614973,1.2497,1.2374972105026245,3.085755824535438e-05,1.0815638303756714,3.3309,137.801,17.413
17028,33.0,0.036601307189542485,0.03908254659888647,0.03908254659888647,0.13256422680870508,0.798199533045977,0.2058771056311591,0.32416875810869644,0.44912958054417246,1.7223924857782373,0.8641980886459351,0.4514717008147494,0.014994954210640484,0.014994954210640484,0.03841133194050741,0.08669580950993076,0.1908291372115451,0.33198394173955537,1.2104500768044735,0.8366194367408752,0.37799768603542794,1.2342,1.065741777420044,3.0322524339574196e-05,1.0898388624191284,3.3396,137.44,17.367
17544,34.0,0.03616557734204793,0.03951965971573815,0.03951965971573815,0.12673619637043396,0.7996250897988506,0.19947839220786093,0.3201537745086449,0.44746252537997294,1.6895563202650588,0.8640186190605164,0.4566403332850155,0.013748832866479925,0.013748832866479925,0.03211706233452485,0.08241771221880966,0.18813615799310948,0.32765627262105446,1.389405578423714,0.8353409767150879,0.3803118088714827,1.2257,0.8194680213928223,2.9777223923944877e-05,1.0722944736480713,3.3276,137.938,17.43
18060,35.0,0.036601307189542485,0.037021475256769375,0.037021475256769375,0.12937567861429364,0.7995465158045977,0.20194038348254018,0.32154724773584753,0.4479242519884923,1.7156925004093042,0.8644418120384216,0.45224560676244024,0.007552650689905592,0.007552650689905592,0.0408365982953514,0.09325253959339878,0.19608264228854566,0.3395736161865174,1.2379415679058485,0.8395552039146423,0.38675595113849326,1.2161,0.7101899981498718,2.9222199339845695e-05,1.080791711807251,3.336,137.59,17.386
18576,36.0,0.03747276688453159,0.03924231420963448,0.03924231420963448,0.12963128527427448,0.8007588002873562,0.20400580250483635,0.3229679627529859,0.4482767191845956,1.7317981457556213,0.8639916777610779,0.45365630886547903,0.012750285299304906,0.012750285299304906,0.0335699344070874,0.08417869451457997,0.1907481219921762,0.33523459261530825,1.2713354463120543,0.8382548689842224,0.38064602795330915,1.215,1.279345154762268,2.8658002600056813e-05,1.0690946578979492,3.3185,138.316,17.478
19092,37.0,0.04183006535947712,0.04339143064633261,0.04339143064633261,0.13726295042548825,0.8005792025862069,0.2111936129239888,0.329538039177071,0.4524866165572837,1.753328250690387,0.8651387095451355,0.45681021820859324,0.009672244966362613,0.009127582656994423,0.0321094431722258,0.07764895795370384,0.18644763090942187,0.3347342557037897,1.2292032105876083,0.836853563785553,0.3791102217875567,1.2035,0.6691600680351257,2.8085194839742017e-05,1.0734705924987793,3.3251,138.042,17.443
19608,38.0,0.047058823529411764,0.04217380779472283,0.04217380779472283,0.1310647803509928,0.8019037356321839,0.20499506420116217,0.3266015108009961,0.45094677070599054,1.7446013458702003,0.8644450306892395,0.45841071073103834,0.011909949164851125,0.011909949164851125,0.04339215013641877,0.09538394682284038,0.20323035027890105,0.3465554164560133,1.1771849233606817,0.8403170108795166,0.3969650937361979,1.194,1.5020968914031982,2.7504345758358488e-05,1.068845510482788,3.3212,138.203,17.464
20124,39.0,0.04183006535947712,0.04194314762942214,0.04194314762942214,0.12554146080217637,0.8024986530172413,0.20059137749765818,0.32246057351313206,0.44720965045001865,1.7528548749968353,0.8627929091453552,0.458217197747126,0.010200039611804317,0.010200039611804317,0.04093888004604288,0.09260925101270015,0.19518746140655635,0.3338450119014378,1.3056653612980298,0.8371917605400085,0.37133422256132875,1.1892,0.8031985759735107,2.691603305304877e-05,1.0654343366622925,3.3275,137.94,17.43
20640,40.0,0.0457516339869281,0.045145416191167825,0.045145416191167825,0.11927210195672333,0.8035425646551724,0.1941273494338047,0.31789691853403834,0.44337312768573556,1.7549997936752266,0.8617321252822876,0.4555504290569647,0.009401201558064304,0.009401201558064304,0.04035179299691822,0.09408653114188095,0.20269797167048545,0.34333086990569667,1.2743886752926312,0.8400759100914001,0.3977887613499996,1.1824,4.432075023651123,2.6320841844078482e-05,1.052335500717163,3.3183,138.323,17.479
21156,41.0,0.044880174291938996,0.04485492962617146,0.04485492962617146,0.12254269054100715,0.8037446120689655,0.19686347642761295,0.32001550079408325,0.4442172064571856,1.7757501813537542,0.8622702956199646,0.4577268211349585,0.0102880658436214,0.0102880658436214,0.043192109118505045,0.09728263511566138,0.20737437129942377,0.3488477322737013,1.3754701931406907,0.8405788540840149,0.3977941194861673,1.1738,1.3857630491256714,2.5719364092891167e-05,1.0545235872268677,3.3221,138.165,17.459
21672,42.0,0.048801742919389976,0.04186672199744095,0.04186672199744095,0.1268773626478636,0.8045752514367817,0.2000482032361963,0.32226248746387787,0.4474304464027254,1.7348112787685128,0.8633487820625305,0.4607040307551525,0.008482349168623678,0.008482349168623678,0.03704520308586482,0.09111145000224113,0.19348299985326287,0.3324158212300216,1.249560348184242,0.8368296027183533,0.37980876343572323,1.1704,1.8246586322784424,2.5112198013359076e-05,1.0532923936843872,3.3239,138.092,17.449
22188,43.0,0.050980392156862744,0.04262198706643151,0.04262198706643151,0.13070296018150251,0.8049344468390804,0.20420831848403012,0.32696552451461347,0.4509935247097987,1.752904128467506,0.8640267848968506,0.46609353004490106,0.01494795449043815,0.01494795449043815,0.0365226076726109,0.08608414601635395,0.19362211998967463,0.3340549207737777,1.2977558849137538,0.8376004695892334,0.38995301358255685,1.1665,1.967182993888855,2.449994747681547e-05,1.0490827560424805,3.327,137.962,17.433
22704,44.0,0.052723311546840956,0.040667081647473804,0.040667081647473804,0.13589165556579083,0.805316091954023,0.2088785471250162,0.3304897370128403,0.4547805962703361,1.6957638879912182,0.8652597069740295,0.4736444573800743,0.012345679012345678,0.012345679012345678,0.036178989691166584,0.09075296353257933,0.20125615999111246,0.34791106322175586,1.2963888911206862,0.8398127555847168,0.38873082496761496,1.1551,2.3408453464508057,2.3883221411460155e-05,1.0482370853424072,3.327,137.961,17.433
23220,45.0,0.05228758169934641,0.03818238406473701,0.03818238406473701,0.13629998740332883,0.8062365301724138,0.20938634928864105,0.32975664108225633,0.45429170390658113,1.7349638898693969,0.8647711873054504,0.4708509748959853,0.012741797055522546,0.012741797055522546,0.043622272739452544,0.09874654631552537,0.20557574603231946,0.35038881352812745,1.2880984198021448,0.8401709794998169,0.3895524586540746,1.1504,0.7990745306015015,2.32626331967356e-05,1.0431426763534546,3.3285,137.9,17.425
23736,46.0,0.05010893246187364,0.04927620430888405,0.04927620430888405,0.13847053385106547,0.8063038793103449,0.21345664940793996,0.3324446749944537,0.45565212843151304,1.7406812286592843,0.8651940822601318,0.47222816224792297,0.009222948438634714,0.008787218591140159,0.035202167897526684,0.08886244383850446,0.1964984575177034,0.33501343998949756,1.318912153606156,0.8368505835533142,0.377418814795112,1.1471,1.1980830430984497,2.2638800053275924e-05,1.0403919219970703,3.3268,137.97,17.434
24252,47.0,0.0514161220043573,0.04630010028702839,0.04630010028702839,0.1430137550689627,0.8074375897988506,0.2172625790285824,0.33492774297906486,0.4580838392105679,1.7371884099222752,0.865528404712677,0.4742058648076517,0.015224608361863264,0.015224608361863264,0.05054956698037813,0.10001281172206926,0.20468816095640308,0.34606861567804464,1.2838023315233833,0.8400440216064453,0.3986433590062303,1.142,1.901309847831726,2.201234242903561e-05,1.0368947982788086,3.3252,138.037,17.443
24768,48.0,0.05010893246187364,0.043278694193726874,0.043278694193726874,0.13015217423707795,0.8071681932471265,0.2061800851709713,0.3275108275878812,0.45185447087427816,1.7316456821081885,0.8644103407859802,0.4721744775224258,0.010867764909732573,0.010867764909732573,0.03820105284750719,0.09060006102435876,0.19526187605624182,0.33958154747805963,1.1775057432128144,0.8393930792808533,0.3878636894420942,1.1346,1.3276039361953735,2.1383883382208354e-05,1.0341938734054565,3.3232,138.119,17.453
25284,49.0,0.05403050108932462,0.04435868174430266,0.04435868174430266,0.14047309082204731,0.8077518857758621,0.21466601132044846,0.33289475198075585,0.45652709279624204,1.7338000717458453,0.8651391267776489,0.47429728389135306,0.010530137981118372,0.010530137981118372,0.04475471591385982,0.10112301585274604,0.20595258637177288,0.3444330769405775,1.3286136520312555,0.8399819135665894,0.385196047751862,1.1374,1.2283804416656494,2.075404796154984e-05,1.0355066061019897,3.3237,138.1,17.451
25800,50.0,0.05359477124183006,0.047202683542552824,0.047202683542552824,0.14763681269120166,0.8082121048850575,0.22149905060645253,0.3384228890015256,0.4606923088098277,1.7421804795914477,0.8662118911743164,0.4753768337119476,0.014088598402323892,0.014088598402323892,0.037925602508358316,0.09049783331946304,0.1919293522646043,0.3288932953171986,1.2733967224367562,0.8358752727508545,0.3762828867683646,1.1316,0.8704830408096313,2.0123462584720793e-05,1.0361078977584839,3.3449,137.224,17.34
26316,51.0,0.052723311546840956,0.04741017394612166,0.04741017394612166,0.14487687323043502,0.8082570043103449,0.21978965297198352,0.33644604806986805,0.45905952804840894,1.74064612252789,0.865718424320221,0.4765246569866838,0.01638136736175952,0.01638136736175952,0.03878028459246977,0.09127684780764557,0.19363079510078945,0.3357362307740678,1.4417670688162696,0.8382972478866577,0.3804541181910921,1.127,2.08996319770813,1.949275441526852e-05,1.0271719694137573,3.328,137.921,17.428
26832,52.0,0.05315904139433551,0.042068333506242006,0.042068333506242006,0.14752629023485653,0.8079202586206896,0.22195851051068344,0.3364835411162656,0.4592363977835038,1.7421659280033923,0.8656815886497498,0.4788551285335376,0.0063180827886710235,0.0063180827886710235,0.04162090723345508,0.09175343721553807,0.20059927144533626,0.3419786642916859,1.5161214994880057,0.8385408520698547,0.3870851938452466,1.1255,0.7288326025009155,1.8862550738866604e-05,1.0338940620422363,3.3363,137.579,17.385
27348,53.0,0.05403050108932462,0.045681778884393266,0.045681778884393266,0.14606110582594892,0.8079876077586207,0.21884538428627395,0.3349836258004732,0.45944637105664343,1.6964506227272669,0.8656164407730103,0.47554613107730165,0.0064062662101877785,0.0064062662101877785,0.039004959947804625,0.09703039689398578,0.2044928797234603,0.34455214550022867,1.4097775546660336,0.8403833508491516,0.4013853316035016,1.1196,1.0865983963012695,1.8233478339433208e-05,1.0291444063186646,3.3306,137.812,17.414
27864,54.0,0.058823529411764705,0.03404882940830653,0.03404882940830653,0.15740052074231733,0.808661099137931,0.22969302813793402,0.3421052674461466,0.46560561247954,1.7028156703204331,0.8677407503128052,0.4827466299562575,0.01282597213969763,0.011682181290024428,0.038973693785407194,0.08948280236012422,0.19555595742535942,0.3386378381799261,1.364931740871289,0.8384346961975098,0.385941241604067,1.1117,0.633081316947937,1.7606162875748313e-05,1.031091332435608,3.3257,138.016,17.44
28380,55.0,0.06100217864923747,0.029591935539647955,0.029591935539647955,0.1708773715891714,0.8090988685344828,0.2434355761965206,0.3513442811299666,0.4736766684826612,1.678873733517519,0.8698346018791199,0.49399410967262614,0.014524328249818445,0.014524328249818445,0.03296438419679473,0.08024942185850636,0.1895325479173073,0.335187771924844,1.2457967158435252,0.8367265462875366,0.3764535585389937,1.1113,1.2475486993789673,1.698122825919003e-05,1.028991937637329,3.3361,137.587,17.386
28896,56.0,0.058823529411764705,0.04351869142718816,0.04351869142718816,0.17050495859355388,0.8097050107758621,0.24365289798378828,0.35281835421891594,0.4746553070849925,1.6606889168871504,0.8706190586090088,0.4963450299908685,0.015369851644361448,0.015369851644361448,0.03598305648481735,0.08672346093430396,0.18939744849137558,0.3301304840812526,1.2641807153353068,0.8371182680130005,0.3792047340479681,1.1039,1.0936986207962036,1.6359296033208882e-05,1.02278470993042,3.3309,137.802,17.413
29412,57.0,0.06274509803921569,0.03688591485977107,0.03688591485977107,0.17258421326121412,0.8098397090517241,0.24407494012529588,0.3521766858339035,0.4757454740042581,1.6362502513349653,0.8709448575973511,0.49507760725680067,0.008714596949891068,0.008714596949891068,0.0411780165248143,0.09089758030672622,0.19808704106151315,0.33930267469873404,1.1801547192704342,0.8392845392227173,0.38810595549634924,1.1044,1.3243064880371094,1.574098475515706e-05,1.0218380689620972,3.3245,138.064,17.446
29928,58.0,0.06187363834422658,0.03019123698862261,0.03019123698862261,0.17228791917479702,0.809918283045977,0.2428994054957852,0.3504641933880531,0.4742825687990054,1.6566052251275176,0.8704261183738708,0.49521603245280016,0.00813362381989833,0.00813362381989833,0.042857567327140834,0.09309400269213222,0.2014005833196939,0.34406944356919594,1.3322827985964092,0.8393101096153259,0.38030111376593834,1.1,1.314820647239685,1.512690938108768e-05,1.019152283668518,3.3228,138.138,17.455
30444,59.0,0.06187363834422658,0.026000622471210707,0.026000622471210707,0.17247008090567467,0.8097386853448276,0.24366990645813458,0.34997626287162575,0.47444056809638185,1.6415638557246508,0.8700876235961914,0.49428564367332944,0.002904865649963689,0.002904865649963689,0.0488638507626403,0.10322217792666061,0.20132933748444806,0.3418848333267839,1.2316640369362932,0.8387220501899719,0.38479339660496364,1.0977,1.0287339687347412,1.4517680654135707e-05,1.0208755731582642,3.321,138.211,17.465
30960,60.0,0.062309368191721136,0.03486807068506415,0.03486807068506415,0.1762845777259952,0.8101652298850575,0.2476198829465691,0.3540757871339719,0.47721516857544993,1.6395379827058607,0.8708599805831909,0.4995287538780009,0.01443355119825708,0.01407044299201162,0.04349833766725171,0.09920597328972393,0.20757742802035198,0.35101966412145286,1.3526132150147985,0.8413223028182983,0.38699869783128527,1.0973,1.105648398399353,1.3913904497089002e-05,1.0135180950164795,3.3343,137.659,17.395
31476,61.0,0.06143790849673202,0.026800843794307846,0.026800843794307846,0.17194248829904413,0.8102887033045977,0.24258037622792472,0.3501116981961127,0.47437956495307654,1.643601287466166,0.8703634738922119,0.4977092850097092,0.005861603900819586,0.005861603900819586,0.03706975981373099,0.08733407250029604,0.19479530292678554,0.33836758633417835,1.4059806311081777,0.8377588391304016,0.3860190157537107,1.094,0.9175037145614624,1.3316181409753548e-05,1.0164525508880615,3.3215,138.192,17.462
31992,62.0,0.05533769063180828,0.0291043330912612,0.0291043330912612,0.1706520433588035,0.8103336027298851,0.24229388177896424,0.34953730510287473,0.4736058274468395,1.628665656402554,0.8700539469718933,0.4988156360929146,0.006227305737109659,0.006227305737109659,0.03528637341497021,0.08586237787671011,0.19597659416300012,0.33662849912029624,1.2599948751034595,0.8381370306015015,0.3835640442953293,1.0907,1.5562504529953003,1.2725105871712155e-05,1.0161646604537964,3.334,137.672,17.397
32508,63.0,0.05403050108932462,0.030468236677387007,0.030468236677387007,0.17040501125713836,0.8108162715517241,0.24137494997436457,0.3486582160051141,0.47324585111362233,1.6410404269450054,0.8701980113983154,0.49971295031952245,0.012605042016806723,0.012605042016806723,0.04214559034079535,0.09333514031855993,0.19891768862361286,0.3390765929538147,1.3978768661122822,0.8391797542572021,0.3880052427783576,1.0877,0.8170055150985718,1.2141265751070863e-05,1.015032410621643,3.324,138.087,17.449
33024,64.0,0.06274509803921569,0.036743092298647854,0.036743092298647854,0.17873370152721707,0.8107376975574713,0.2490056590678525,0.35503376060276687,0.47763600376077436,1.6530715271398473,0.8713522553443909,0.5010812803668686,0.013338174776083272,0.013338174776083272,0.03371190549607725,0.08431489320321318,0.189679513378811,0.3291784509756851,1.193461843154924,0.8362279534339905,0.37350810406027535,1.0876,1.688315749168396,1.15652417197808e-05,1.012924075126648,3.3231,138.124,17.454
33540,65.0,0.06013071895424837,0.03622505792440433,0.03622505792440433,0.17724065735101163,0.81109689295977,0.24843241091074444,0.3546786688813119,0.4781624058304523,1.622246368975203,0.8711780309677124,0.49991455946913016,0.012677663658055815,0.012366428052702563,0.03948177269435725,0.09683118289746402,0.20136421431854767,0.3403558761457422,1.3775156543011688,0.8392689824104309,0.3903702484557409,1.0819,0.9853615164756775,1.0997606676117239e-05,1.0098884105682373,3.3216,138.185,17.461
34056,66.0,0.06013071895424837,0.03397378704568247,0.03397378704568247,0.17520947807292975,0.8117816091954023,0.24626262086051423,0.35359648547274214,0.47747318764971214,1.6186763053185422,0.8711753487586975,0.5009938677902738,0.008420652211501884,0.008420652211501884,0.03787665061900368,0.08912253467590651,0.1940339319405483,0.33609555286290993,1.347045380447701,0.838696300983429,0.38285353736371647,1.0841,1.5479449033737183,1.0438925174890102e-05,1.009232521057129,3.3331,137.711,17.401
34572,67.0,0.06274509803921569,0.03437320607255248,0.03437320607255248,0.1761462980174761,0.8113438397988506,0.2471775315031466,0.35385482685378933,0.4770670837333646,1.6294215527292717,0.8711355924606323,0.5012492345881391,0.0054466230936819175,0.0054466230936819175,0.0518900345931816,0.1026493603262846,0.20849637258659623,0.35186967463458896,1.3472666715187362,0.8417377471923828,0.3847413248015255,1.0809,1.464939832687378,9.889752865952684e-06,1.0143492221832275,3.3356,137.605,17.388
35088,68.0,0.06056644880174292,0.035495037521181314,0.035495037521181314,0.17449862450538123,0.8113775143678161,0.24625525493343786,0.35306695712816333,0.47514490203224347,1.6529698282110068,0.8704900741577148,0.49989638430936856,0.009924957637375938,0.009924957637375938,0.03229442749423981,0.0809696986754951,0.18825970711635479,0.3389821942867866,1.3145730354555083,0.8382028341293335,0.3808216624233815,1.0819,1.2197766304016113,9.350635941566975e-06,1.008634328842163,3.3312,137.79,17.411
35604,69.0,0.062309368191721136,0.037931666493757996,0.037931666493757996,0.17949894104442687,0.8117816091954023,0.2510330154004748,0.3571133675231318,0.4791891311985947,1.63007603506011,0.8719392418861389,0.5052338145117322,0.00582529308019504,0.00582529308019504,0.03895033143017291,0.09079796403822844,0.1974219717110454,0.33817181416556386,1.2862672315334636,0.8395149111747742,0.3842408740953877,1.075,0.9766024351119995,8.822110593175317e-06,1.0076489448547363,3.3297,137.852,17.419
36120,70.0,0.058387799564270156,0.04218106995884774,0.04218106995884774,0.170112593543098,0.8115795617816093,0.24118082057279241,0.35083788005184097,0.4732699292022184,1.650636564695401,0.870157778263092,0.5009283882539419,0.013580246913580247,0.013580246913580247,0.042834717896671926,0.0911215716554872,0.19938534999979013,0.3401937608122211,1.3354819327891159,0.8391106128692627,0.3773097288703509,1.0747,1.242410659790039,8.304702478118502e-06,1.0089318752288818,3.3427,137.314,17.351
36636,71.0,0.05533769063180828,0.041308572811840784,0.041308572811840784,0.1716228947195637,0.8118152837643678,0.243459376610053,0.3515789304466508,0.47342851914216016,1.6714114121292734,0.8705671429634094,0.5012933737543576,0.007044299201161946,0.007044299201161946,0.034824932124842986,0.08453657914962329,0.1917802001859456,0.3342805642541651,1.2586296057465018,0.8369986414909363,0.37564267500553256,1.075,2.657137393951416,7.79892619683093e-06,1.010021686553955,3.3248,138.055,17.445
37152,72.0,0.05228758169934641,0.039966109900750425,0.039966109900750425,0.1657965674729495,0.8116132363505748,0.2373937537532049,0.3470338938813085,0.4712684926859436,1.6319657043426778,0.869316816329956,0.4977457362781066,0.009465020576131687,0.009465020576131687,0.03879064425020393,0.08885096094736844,0.19264175706228268,0.3354342767144798,1.3422465244205268,0.8390311002731323,0.3776036807638238,1.0722,1.2062360048294067,7.3052847810326175e-06,1.0058284997940063,3.3239,138.091,17.449
37668,73.0,0.052723311546840956,0.04036552892762043,0.04036552892762043,0.16636408096865135,0.8117479346264368,0.23792608326143055,0.3467856652941579,0.470867909594182,1.6325113321665814,0.8694558143615723,0.49907672686425236,0.013217138707334786,0.012127814088598402,0.039634049765599234,0.08892014972521041,0.19558903675542844,0.33799272660852103,1.2456484777211803,0.8378168940544128,0.38612547454125934,1.0736,0.9396634697914124,6.824269193427102e-06,1.0076146125793457,3.3168,138.387,17.487
38184,74.0,0.05315904139433551,0.04093266936404191,0.04093266936404191,0.16799358748280707,0.8123877514367817,0.23911262225536026,0.3475580254568747,0.47246570572530794,1.6098242129907543,0.8697944283485413,0.5012221836507288,0.01340334804387092,0.01340334804387092,0.03123067131259966,0.07781217440344401,0.18751376462122404,0.3289405427718902,1.4202517134582298,0.8362360000610352,0.37213209204473136,1.0739,1.4160600900650024,6.356357839402958e-06,1.004719614982605,3.3171,138.373,17.485
38700,75.0,0.050544662309368195,0.045704948646125114,0.045704948646125114,0.16211755039944525,0.812219378591954,0.23466909669354227,0.34464070622582843,0.4703005014316461,1.5932053128017893,0.8696034550666809,0.5009138274503657,0.006681190994916484,0.006681190994916484,0.03835625417643239,0.08304539719717055,0.1851546045964859,0.327925081127569,1.3281279744041563,0.8355065584182739,0.37050042527449806,1.0699,1.274570345878601,5.902016091224436e-06,1.0024077892303467,3.3246,138.06,17.445
39216,76.0,0.05577342047930283,0.04628592177611786,0.04628592177611786,0.1665475152006298,0.8123540768678161,0.23783271055024335,0.34749271892781664,0.47186765260840535,1.612258630933042,0.8699661493301392,0.5014365746690395,0.007234232724428803,0.007234232724428803,0.04262106757400982,0.0980287607694231,0.2042246732312693,0.34598390417809843,1.2687996359894609,0.8393170237541199,0.3876790488767793,1.0655,1.130886435508728,5.461695825184501e-06,1.0047852993011475,3.3233,138.116,17.453
39732,77.0,0.0514161220043573,0.044506691565515094,0.044506691565515094,0.16215936630810093,0.8121857040229885,0.2342839452158794,0.34460807885457057,0.46870570617692947,1.6353344979706528,0.8689931631088257,0.4969363427081821,0.008299616142753397,0.008299616142753397,0.03596983445097907,0.08544955718525084,0.19169236128773473,0.3340480062379818,1.2400169377001702,0.8361820578575134,0.38128684279316133,1.0638,0.8849670886993408,5.035834972180589e-06,1.0046638250350952,3.3177,138.347,17.482
40248,78.0,0.05228758169934641,0.04565653421862573,0.04565653421862573,0.1655045182019084,0.8124775502873562,0.23748992206694913,0.3473898509510551,0.4706898971451094,1.629941230102924,0.8694426417350769,0.49942074382397666,0.012682850918145035,0.012682850918145035,0.04392534101233077,0.09741133248819585,0.20553532644420347,0.3436893403497753,1.2701988553603263,0.8391722440719604,0.39406417761493095,1.067,1.8260432481765747,4.624857082160184e-06,1.0032683610916138,3.3259,138.008,17.439
40764,79.0,0.04923747276688453,0.043780475153024176,0.043780475153024176,0.160883406354222,0.812084680316092,0.23273038780775282,0.34322035154427954,0.4684355447830709,1.617468694546923,0.8686934113502502,0.4980056175994555,0.0048377185632087595,0.0048377185632087595,0.02912970272814727,0.07370823818963405,0.1844443956439813,0.3256143639200429,1.3703144359905859,0.8342372179031372,0.36849031946368205,1.0662,1.5668418407440186,4.229170902869173e-06,1.0021257400512695,3.3264,137.989,17.437
41280,80.0,0.050544662309368195,0.04178856727876335,0.04178856727876335,0.1640872339358577,0.8123540768678161,0.2352673402871715,0.3448108133412997,0.47042758719807487,1.601117303012388,0.8692412376403809,0.4983335464401475,0.011692084241103849,0.011692084241103849,0.045567076587918975,0.09733455845369635,0.19998309391116514,0.3384819916803474,1.341266931466217,0.837995171546936,0.3868710107792956,1.0641,1.1741315126419067,3.8491699733221535e-06,1.0019663572311401,3.3247,138.057,17.445
41796,81.0,0.050544662309368195,0.045959124390496944,0.045959124390496944,0.16189303975620803,0.8122867277298851,0.23368893907409435,0.34419804258738546,0.4695362179156492,1.6067163150623327,0.8690318465232849,0.5006180757624229,0.010409101912369887,0.010409101912369887,0.03765079891809371,0.0875851785228019,0.1950124461391562,0.33759234547814865,1.2411724135605826,0.8375909924507141,0.3855589152575513,1.0645,1.4822500944137573,3.485232232398952e-06,1.0029085874557495,3.3279,137.925,17.428
42312,82.0,0.050544662309368195,0.044942421413009644,0.044942421413009644,0.16193614858134195,0.8123204022988506,0.23324900385757658,0.3437284189577631,0.46892849767571043,1.6087931663194175,0.868904173374176,0.49874721691783414,0.007988380537400145,0.007988380537400145,0.04144921401519407,0.09434981319023372,0.20111652545261283,0.34249669014928885,1.4053144208998154,0.8405643105506897,0.3794902684674284,1.0647,1.579179048538208,3.1377196429566004e-06,1.0031213760375977,3.3421,137.339,17.354
42828,83.0,0.05010893246187364,0.046104367672995125,0.046104367672995125,0.16431496801259868,0.8122867277298851,0.23569868165261867,0.34603518814154133,0.4708063450033368,1.6090151303487912,0.8693366646766663,0.49910322762579373,0.0014737921312315777,0.0014737921312315777,0.03439977691208338,0.08038566981154015,0.18799805964917896,0.33573082053638564,1.1956191492908286,0.8369876146316528,0.36625664808618996,1.066,1.6278696060180664,2.806977831830635e-06,1.0018305778503418,3.3293,137.868,17.421
43344,84.0,0.052723311546840956,0.047473804336549436,0.047473804336549436,0.16738225110914112,0.8123540768678161,0.238554677036411,0.34803554978783785,0.47246665206512983,1.6122063726281297,0.8699466586112976,0.5008441145736765,0.005753868498966538,0.005753868498966538,0.03201646996833023,0.07924379595882224,0.18099539243282886,0.3216415956443406,1.3966868169849338,0.8342307806015015,0.3609411067091951,1.064,2.792538642883301,2.4933357460837692e-06,1.0013947486877441,3.3253,138.031,17.442
43860,85.0,0.04967320261437908,0.04660234464156033,0.04660234464156033,0.16414064170115683,0.8124102011494252,0.23543945402162245,0.3454463284134603,0.47042657246910097,1.611070636432033,0.8693892359733582,0.49998457468112767,0.010832728152989591,0.010832728152989591,0.03693424189959578,0.08615744824521983,0.18981602993628793,0.3319217029286655,1.2945856057476877,0.8372577428817749,0.37658250309356484,1.0591,1.471145749092102,2.197105325843887e-06,1.0010803937911987,3.3288,137.889,17.424
44376,86.0,0.04923747276688453,0.04660234464156033,0.04660234464156033,0.16373906515578343,0.8125112248563218,0.235060521174476,0.34524291621780445,0.4703016156256669,1.6097376040807667,0.8693422675132751,0.49957681117388614,0.012732994432340838,0.012732994432340838,0.047045610590862305,0.10113643163672127,0.20684232739473693,0.34664539389988275,1.2853946913429153,0.840895414352417,0.39994335262214437,1.059,0.7166321873664856,1.918581194056588e-06,1.0010308027267456,3.3202,138.246,17.469
44892,87.0,0.05185185185185185,0.046540097520489675,0.046540097520489675,0.16458882569575725,0.8125785739942528,0.2358413722759069,0.3458489436224812,0.47019431168989606,1.615441182692331,0.8693622946739197,0.5013665523254242,0.00838449858057701,0.00838449858057701,0.03721032762719163,0.0893799419024754,0.19579103016648666,0.33641738549044325,1.4195550049676633,0.8371301293373108,0.390786476421103,1.0617,1.288404941558838,1.6580403634610197e-06,0.9998245239257812,3.3336,137.688,17.398
45408,88.0,0.05185185185185185,0.04784728706297334,0.04784728706297334,0.16674863030824677,0.8125785739942528,0.23791321158906717,0.34729871582467436,0.47143631394825414,1.6154377960893456,0.8697026968002319,0.5008346456592022,0.012034443406992426,0.012034443406992426,0.040459602596411244,0.09494472294723214,0.20098557683648008,0.33951207697221686,1.408274004446304,0.8392103910446167,0.39086496937930715,1.0588,0.9805647134780884,1.4157419610803236e-06,1.0011560916900635,3.3223,138.158,17.458
45924,89.0,0.052723311546840956,0.04697582736798423,0.04697582736798423,0.16661792928841107,0.8127469468390804,0.23787804601071974,0.34731020760949044,0.4718267647302338,1.606529018775442,0.86974036693573,0.5012373482824702,0.01111111111111111,0.01111111111111111,0.04005720563828941,0.09275059239578098,0.1983422357063229,0.3400590082486089,1.402432559186263,0.8392553925514221,0.3860087714326408,1.0598,2.0240814685821533,1.191926970500743e-06,1.001546859741211,3.3188,138.302,17.476
46440,90.0,0.05228758169934641,0.046104367672995125,0.046104367672995125,0.16606496100444135,0.8127469468390804,0.23720070145855665,0.346589214620465,0.4711266905096935,1.6144323339942195,0.8695514798164368,0.5004807165225315,0.011266728913787738,0.011266728913787738,0.037166124077532635,0.08852626474487112,0.19149642145009688,0.33257361686507597,1.261265825934736,0.8372491002082825,0.38663070628009655,1.0607,1.4624488353729248,9.868179921957322e-07,1.0002706050872803,3.3314,137.781,17.41
46956,91.0,0.05185185185185185,0.04566863782550057,0.04566863782550057,0.1668533893736462,0.8126795977011494,0.23821472266482152,0.34724000792175186,0.47199631812003356,1.6106514450955,0.8698029518127441,0.5014597017273372,0.006899055918663762,0.006899055918663762,0.04224710678560248,0.0932203909764822,0.19349425373476764,0.33126822551186785,1.2015887388611168,0.8369336128234863,0.37898792120301383,1.0599,0.9185702800750732,8.006190221333865e-07,1.0005007982254028,3.3289,137.884,17.423
47472,92.0,0.05185185185185185,0.04573088494657122,0.04573088494657122,0.16696929764686885,0.8126122485632183,0.2383410918017637,0.34738933006108547,0.472054423236766,1.6093141455254718,0.8698157072067261,0.5011441099078014,0.015783103364802712,0.015783103364802712,0.04731783208273098,0.09783439401011176,0.20178975627045936,0.3418245810003228,1.323443334950893,0.838568925857544,0.39065744285522463,1.0555,1.7555776834487915,6.335152488874707e-07,1.0009124279022217,3.3262,137.994,17.437
47988,93.0,0.05185185185185185,0.04573088494657122,0.04573088494657122,0.16553288590915957,0.8127469468390804,0.23690688428771312,0.34628979632779117,0.4710310813401152,1.6103566466857957,0.8695343732833862,0.4998702771056744,0.011159525538610505,0.011159525538610505,0.04200349008986507,0.09589318999661635,0.19745566676400547,0.3389416263202965,1.2091607349506435,0.8378875255584717,0.38624982099192856,1.056,1.2351971864700317,4.856728694537394e-07,1.001175880432129,3.3371,137.543,17.38
48504,94.0,0.05185185185185185,0.04573088494657122,0.04573088494657122,0.1655555914556575,0.812780621408046,0.23683272435463984,0.3463249090614484,0.47110400848970546,1.6079485095753365,0.8695501685142517,0.5001919043459372,0.019995158557250058,0.018905833938513677,0.03971165404586399,0.09221719687904391,0.19953267526763152,0.3397309743681626,1.4110397347186194,0.8391093611717224,0.3958889591124128,1.0597,1.4594014883041382,3.57238923954808e-07,1.0010597705841064,3.3397,137.437,17.367
49020,95.0,0.05228758169934641,0.04616661479406577,0.04616661479406577,0.1666967469891953,0.812780621408046,0.23809370686865147,0.34741749055319987,0.4720139745819931,1.6061742971683461,0.8697831630706787,0.5012543348197811,0.0073347857661583155,0.0073347857661583155,0.03948660180007909,0.08848914306994728,0.19164888949457248,0.33300064311977295,1.318002494575147,0.8381065130233765,0.38069157620124955,1.0607,1.321083426475525,2.4834114939792374e-07,1.0009430646896362,3.3172,138.371,17.485
49536,96.0,0.05185185185185185,0.04573088494657122,0.04573088494657122,0.16549698742229021,0.812780621408046,0.23674814725605173,0.34632964510003117,0.47119981280743184,1.6056566473662797,0.8696192502975464,0.5005087503408587,0.014548009219790976,0.014548009219790976,0.040804462200280424,0.09532572733375853,0.20082743640839298,0.3393936197790516,1.2319406086031928,0.838905930519104,0.39103431526108895,1.0625,1.2799872159957886,1.5908785263113234e-07,1.0010873079299927,3.4736,132.14,16.697
50052,97.0,0.05185185185185185,0.04573088494657122,0.04573088494657122,0.16540884131688027,0.812780621408046,0.23670852460173172,0.3463326660241672,0.47118606193497803,1.6057726672750614,0.8696118593215942,0.5005865649967445,0.013616557734204794,0.013616557734204794,0.03853952058472112,0.08603100282768886,0.19948731241009598,0.3461548710610116,1.2941214657164282,0.8392292857170105,0.38936631117738413,1.0623,2.2272157669067383,8.956780262413311e-08,1.0010875463485718,3.4605,132.639,16.76
50568,98.0,0.05185185185185185,0.04573088494657122,0.04573088494657122,0.16541090441526887,0.812780621408046,0.23671078273734272,0.34634218847683107,0.47119750944344224,1.605411104210196,0.8696103692054749,0.5006547093963604,0.015177923021060276,0.015177923021060276,0.035608210793193276,0.09194200940916411,0.2012856979515736,0.34297917839690056,1.4015798317952923,0.8394256830215454,0.3917963107913927,1.0608,1.3473809957504272,3.9850142181010466e-08,1.00108003616333,3.8004,120.777,15.262
51084,99.0,0.05185185185185185,0.04573088494657122,0.04573088494657122,0.16549610176538582,0.812780621408046,0.23664069847308253,0.34629667536128045,0.4711634085375155,1.6060232283071396,0.8696016669273376,0.5003242470912457,0.010893246187363835,0.010893246187363835,0.033627674955196,0.08308965467365645,0.18666324826836822,0.3283093159287609,1.2178859001851725,0.8358386158943176,0.37820302054675575,1.0631,1.6528669595718384,9.984319172640089e-09,1.0010899305343628,3.5556,129.094,16.312
51600,100.0,0.05185185185185185,0.04573088494657122,0.04573088494657122,0.16549610176538582,0.812780621408046,0.23664069847308253,0.34629667536128045,0.4711634085375155,1.6060232283071396,0.8696016669273376,0.5003242470912457,0.012127814088598402,0.012127814088598402,0.04263570448092773,0.09354477980167787,0.1993218407190268,0.34264725115125577,1.2439379581939314,0.8392977714538574,0.3916185290303106,1.0613,1.3555781841278076,3.7357130722170955e-14,1.001089334487915,3.6012,127.458,16.106
